Symbol,Sector
BHARATFORG,NIFTY_AUTO
M&M,NIFTY_AUTO
AMARAJABAT,NIFTY_AUTO
BOSCHLTD,NIFTY_AUTO
BALKRISIND,NIFTY_AUTO
ASHOKLEY,NIFTY_AUTO
EXIDEIND,NIFTY_AUTO
HEROMOTOCO,NIFTY_AUTO
BAJAJ-AUTO,NIFTY_AUTO
MARUTI,NIFTY_AUTO
TATAMOTORS,NIFTY_AUTO
TVSMOTOR,NIFTY_AUTO
MRF,NIFTY_AUTO
EICHERMOT,NIFTY_AUTO
TIINDIA,NIFTY_AUTO
GLENMARK,NIFTY_PHARMA
GRANULES,NIFTY_PHARMA
LAURUSLABS,NIFTY_PHARMA
IPCALAB,NIFTY_PHARMA
CADILAHC,NIFTY_PHARMA
NATCOPHARM,NIFTY_PHARMA
GLAND,NIFTY_PHARMA
APLLTD,NIFTY_PHARMA
SUNPHARMA,NIFTY_PHARMA
PFIZER,NIFTY_PHARMA
CIPLA,NIFTY_PHARMA
DRREDDY,NIFTY_PHARMA
AUROPHARMA,NIFTY_PHARMA
BIOCON,NIFTY_PHARMA
LUPIN,NIFTY_PHARMA
ABBOTINDIA,NIFTY_PHARMA
STAR,NIFTY_PHARMA
TORNTPHARM,NIFTY_PHARMA
ALKEM,NIFTY_PHARMA
DIVISLAB,NIFTY_PHARMA
ASIANPAINT,NIFTY
GRASIM,NIFTY
SBILIFE,NIFTY
SBIN,NIFTY
BPCL,NIFTY
TCS,NIFTY
JSWSTEEL,NIFTY
M&M,NIFTY
BAJAJFINSV,NIFTY
HDFCLIFE,NIFTY
ICICIBANK,NIFTY
IOC,NIFTY
ONGC,NIFTY
ITC,NIFTY
HEROMOTOCO,NIFTY
NTPC,NIFTY
BAJAJ-AUTO,NIFTY
TATASTEEL,NIFTY
SUNPHARMA,NIFTY
RELIANCE,NIFTY
BRITANNIA,NIFTY
ULTRACEMCO,NIFTY
BAJFINANCE,NIFTY
SHREECEM,NIFTY
MARUTI,NIFTY
TATAMOTORS,NIFTY
CIPLA,NIFTY
HDFCBANK,NIFTY
DRREDDY,NIFTY
INDUSINDBK,NIFTY
ADANIPORTS,NIFTY
HINDUNILVR,NIFTY
HINDALCO,NIFTY
NESTLEIND,NIFTY
INFY,NIFTY
POWERGRID,NIFTY
LT,NIFTY
TECHM,NIFTY
BHARTIARTL,NIFTY
HCLTECH,NIFTY
EICHERMOT,NIFTY
WIPRO,NIFTY
UPL,NIFTY
COALINDIA,NIFTY
AXISBANK,NIFTY
KOTAKBANK,NIFTY
TATACONSUM,NIFTY
HDFC,NIFTY
TITAN,NIFTY
DIVISLAB,NIFTY
BPCL,NIFTY_ENERGY
GAIL,NIFTY_ENERGY
IOC,NIFTY_ENERGY
ONGC,NIFTY_ENERGY
NTPC,NIFTY_ENERGY
RELIANCE,NIFTY_ENERGY
TATAPOWER,NIFTY_ENERGY
ADANIGREEN,NIFTY_ENERGY
ADANITRANS,NIFTY_ENERGY
POWERGRID,NIFTY_ENERGY
COFORGE,NIFTY_IT
TCS,NIFTY_IT
LTI,NIFTY_IT
MPHASIS,NIFTY_IT
INFY,NIFTY_IT
LTTS,NIFTY_IT
TECHM,NIFTY_IT
HCLTECH,NIFTY_IT
WIPRO,NIFTY_IT
MINDTREE,NIFTY_IT
HINDCOPPER,NIFTY_METAL
APLAPOLLO,NIFTY_METAL
WELCORP,NIFTY_METAL
RATNAMANI,NIFTY_METAL
ADANIENT,NIFTY_METAL
JINDALSTEL,NIFTY_METAL
NMDC,NIFTY_METAL
JSWSTEEL,NIFTY_METAL
VEDL,NIFTY_METAL
SAIL,NIFTY_METAL
TATASTEEL,NIFTY_METAL
HINDALCO,NIFTY_METAL
HINDZINC,NIFTY_METAL
COALINDIA,NIFTY_METAL
NATIONALUM,NIFTY_METAL
INDIANB,NIFTY_PSU_BANK
IOB,NIFTY_PSU_BANK
BANKINDIA,NIFTY_PSU_BANK
J&KBANK,NIFTY_PSU_BANK
MAHABANK,NIFTY_PSU_BANK
CENTRALBK,NIFTY_PSU_BANK
UNIONBANK,NIFTY_PSU_BANK
CANBK,NIFTY_PSU_BANK
PNB,NIFTY_PSU_BANK
PSB,NIFTY_PSU_BANK
UCOBANK,NIFTY_PSU_BANK
BANKBARODA,NIFTY_PSU_BANK
SBIN,NIFTY_PSU_BANK
UBL,NIFTY_FMCG
GODREJCP,NIFTY_FMCG
EMAMILTD,NIFTY_FMCG
ITC,NIFTY_FMCG
BRITANNIA,NIFTY_FMCG
COLPAL,NIFTY_FMCG
DABUR,NIFTY_FMCG
HINDUNILVR,NIFTY_FMCG
NESTLEIND,NIFTY_FMCG
MCDOWELL-N,NIFTY_FMCG
VBL,NIFTY_FMCG
MARICO,NIFTY_FMCG
PGHH,NIFTY_FMCG
RADICO,NIFTY_FMCG
TATACONSUM,NIFTY_FMCG
IDFCFIRSTB,NIFTY_PVT_BANK
CUB,NIFTY_PVT_BANK
FEDERALBNK,NIFTY_PVT_BANK
ICICIBANK,NIFTY_PVT_BANK
HDFCBANK,NIFTY_PVT_BANK
INDUSINDBK,NIFTY_PVT_BANK
RBLBANK,NIFTY_PVT_BANK
BANDHANBNK,NIFTY_PVT_BANK
AXISBANK,NIFTY_PVT_BANK
KOTAKBANK,NIFTY_PVT_BANK
M&MFIN,NIFTY_FIN_SERV
SBILIFE,NIFTY_FIN_SERV
SBIN,NIFTY_FIN_SERV
SRTRANSFIN,NIFTY_FIN_SERV
BAJAJFINSV,NIFTY_FIN_SERV
PEL,NIFTY_FIN_SERV
ICICIBANK,NIFTY_FIN_SERV
HDFCLIFE,NIFTY_FIN_SERV
CHOLAFIN,NIFTY_FIN_SERV
ICICIGI,NIFTY_FIN_SERV
BAJFINANCE,NIFTY_FIN_SERV
RECLTD,NIFTY_FIN_SERV
HDFCBANK,NIFTY_FIN_SERV
ICICIPRULI,NIFTY_FIN_SERV
PFC,NIFTY_FIN_SERV
AXISBANK,NIFTY_FIN_SERV
KOTAKBANK,NIFTY_FIN_SERV
HDFCAMC,NIFTY_FIN_SERV
MUTHOOTFIN,NIFTY_FIN_SERV
HDFC,NIFTY_FIN_SERV
NETWORK18,NIFTY_MEDIA
TV18BRDCST,NIFTY_MEDIA
DISHTV,NIFTY_MEDIA
HATHWAY,NIFTY_MEDIA
SAREGAMA,NIFTY_MEDIA
SUNTV,NIFTY_MEDIA
ZEEL,NIFTY_MEDIA
NAZARA,NIFTY_MEDIA
PVR,NIFTY_MEDIA
INOXLEISUR,NIFTY_MEDIA
SIEMENS,NIFTY_NEXT_50
DLF,NIFTY_NEXT_50
BAJAJHLDNG,NIFTY_NEXT_50
PNB,NIFTY_NEXT_50
YESBANK,NIFTY_NEXT_50
BERGEPAINT,NIFTY_NEXT_50
PIDILITIND,NIFTY_NEXT_50
BANKBARODA,NIFTY_NEXT_50
GODREJCP,NIFTY_NEXT_50
CADILAHC,NIFTY_NEXT_50
ADANIENT,NIFTY_NEXT_50
JINDALSTEL,NIFTY_NEXT_50
GAIL,NIFTY_NEXT_50
NMDC,NIFTY_NEXT_50
GLAND,NIFTY_NEXT_50
HINDPETRO,NIFTY_NEXT_50
BOSCHLTD,NIFTY_NEXT_50
VEDL,NIFTY_NEXT_50
PEL,NIFTY_NEXT_50
SAIL,NIFTY_NEXT_50
IGL,NIFTY_NEXT_50
LTI,NIFTY_NEXT_50
CHOLAFIN,NIFTY_NEXT_50
HAVELLS,NIFTY_NEXT_50
APOLLOHOSP,NIFTY_NEXT_50
AMBUJACEM,NIFTY_NEXT_50
ICICIGI,NIFTY_NEXT_50
COLPAL,NIFTY_NEXT_50
DABUR,NIFTY_NEXT_50
AUROPHARMA,NIFTY_NEXT_50
ADANIGREEN,NIFTY_NEXT_50
ACC,NIFTY_NEXT_50
ICICIPRULI,NIFTY_NEXT_50
DMART,NIFTY_NEXT_50
BIOCON,NIFTY_NEXT_50
LUPIN,NIFTY_NEXT_50
MCDOWELL-N,NIFTY_NEXT_50
ADANITRANS,NIFTY_NEXT_50
PIIND,NIFTY_NEXT_50
BANDHANBNK,NIFTY_NEXT_50
MARICO,NIFTY_NEXT_50
INDUSTOWER,NIFTY_NEXT_50
PGHH,NIFTY_NEXT_50
HDFCAMC,NIFTY_NEXT_50
JUBLFOOD,NIFTY_NEXT_50
MUTHOOTFIN,NIFTY_NEXT_50
TORNTPHARM,NIFTY_NEXT_50
INDIGO,NIFTY_NEXT_50
NAUKRI,NIFTY_NEXT_50
SBICARD,NIFTY_NEXT_50
NETWORK18,NIFTY_MIDCAP_400
CREDITACC,NIFTY_MIDCAP_400
IDBI,NIFTY_MIDCAP_400
TV18BRDCST,NIFTY_MIDCAP_400
IEX,NIFTY_MIDCAP_400
AARTIDRUGS,NIFTY_MIDCAP_400
BAJAJELEC,NIFTY_MIDCAP_400
BAJAJCON,NIFTY_MIDCAP_400
MINDACORP,NIFTY_MIDCAP_400
IBREALEST,NIFTY_MIDCAP_400
SEQUENT,NIFTY_MIDCAP_400
INDIANB,NIFTY_MIDCAP_400
HINDCOPPER,NIFTY_MIDCAP_400
IOB,NIFTY_MIDCAP_400
GODREJIND,NIFTY_MIDCAP_400
CCL,NIFTY_MIDCAP_400
THERMAX,NIFTY_MIDCAP_400
CGPOWER,NIFTY_MIDCAP_400
TTML,NIFTY_MIDCAP_400
POLYCAB,NIFTY_MIDCAP_400
IDFCFIRSTB,NIFTY_MIDCAP_400
NBCC,NIFTY_MIDCAP_400
BANKINDIA,NIFTY_MIDCAP_400
APLAPOLLO,NIFTY_MIDCAP_400
PHILIPCARB,NIFTY_MIDCAP_400
MINDAIND,NIFTY_MIDCAP_400
IBULHSGFIN,NIFTY_MIDCAP_400
PRAJIND,NIFTY_MIDCAP_400
SUZLON,NIFTY_MIDCAP_400
MAHABANK,NIFTY_MIDCAP_400
SPARC,NIFTY_MIDCAP_400
INFIBEAM,NIFTY_MIDCAP_400
ATGL,NIFTY_MIDCAP_400
OBEROIRLTY,NIFTY_MIDCAP_400
TTKPRESTIG,NIFTY_MIDCAP_400
CENTRALBK,NIFTY_MIDCAP_400
UNIONBANK,NIFTY_MIDCAP_400
GLENMARK,NIFTY_MIDCAP_400
CANBK,NIFTY_MIDCAP_400
DIXON,NIFTY_MIDCAP_400
AEGISCHEM,NIFTY_MIDCAP_400
DELTACORP,NIFTY_MIDCAP_400
ALOKINDS,NIFTY_MIDCAP_400
FRETAIL,NIFTY_MIDCAP_400
IDFC,NIFTY_MIDCAP_400
CUMMINSIND,NIFTY_MIDCAP_400
ASTRAL,NIFTY_MIDCAP_400
WELCORP,NIFTY_MIDCAP_400
GRANULES,NIFTY_MIDCAP_400
HATHWAY,NIFTY_MIDCAP_400
CUB,NIFTY_MIDCAP_400
LEMONTREE,NIFTY_MIDCAP_400
GRINDWELL,NIFTY_MIDCAP_400
POLYPLEX,NIFTY_MIDCAP_400
ASAHIINDIA,NIFTY_MIDCAP_400
NILKAMAL,NIFTY_MIDCAP_400
TIMKEN,NIFTY_MIDCAP_400
UCOBANK,NIFTY_MIDCAP_400
EIHOTEL,NIFTY_MIDCAP_400
INTELLECT,NIFTY_MIDCAP_400
JUBLPHARMA,NIFTY_MIDCAP_400
HEG,NIFTY_MIDCAP_400
GODREJPROP,NIFTY_MIDCAP_400
SPANDANA,NIFTY_MIDCAP_400
BSE,NIFTY_MIDCAP_400
BATAINDIA,NIFTY_MIDCAP_400
RATNAMANI,NIFTY_MIDCAP_400
AAVAS,NIFTY_MIDCAP_400
GSPL,NIFTY_MIDCAP_400
SUPREMEIND,NIFTY_MIDCAP_400
RALLIS,NIFTY_MIDCAP_400
CENTURYTEX,NIFTY_MIDCAP_400
TEAMLEASE,NIFTY_MIDCAP_400
VAKRANGEE,NIFTY_MIDCAP_400
OFSS,NIFTY_MIDCAP_400
ZYDUSWELL,NIFTY_MIDCAP_400
VARROC,NIFTY_MIDCAP_400
GAEL,NIFTY_MIDCAP_400
UJJIVANSFB,NIFTY_MIDCAP_400
LAURUSLABS,NIFTY_MIDCAP_400
FEDERALBNK,NIFTY_MIDCAP_400
AFFLE,NIFTY_MIDCAP_400
KALYANKJIL,NIFTY_MIDCAP_400
JSWENERGY,NIFTY_MIDCAP_400
SONACOMS,NIFTY_MIDCAP_400
TATACOMM,NIFTY_MIDCAP_400
GESHIP,NIFTY_MIDCAP_400
VAIBHAVGBL,NIFTY_MIDCAP_400
CRISIL,NIFTY_MIDCAP_400
MFSL,NIFTY_MIDCAP_400
SHILPAMED,NIFTY_MIDCAP_400
THYROCARE,NIFTY_MIDCAP_400
EQUITAS,NIFTY_MIDCAP_400
ASTRAZEN,NIFTY_MIDCAP_400
IRB,NIFTY_MIDCAP_400
UBL,NIFTY_MIDCAP_400
ASTERDM,NIFTY_MIDCAP_400
CONCOR,NIFTY_MIDCAP_400
SUPRAJIT,NIFTY_MIDCAP_400
FLUOROCHEM,NIFTY_MIDCAP_400
NFL,NIFTY_MIDCAP_400
PHOENIXLTD,NIFTY_MIDCAP_400
SYMPHONY,NIFTY_MIDCAP_400
AMBER,NIFTY_MIDCAP_400
TATACOFFEE,NIFTY_MIDCAP_400
FORTIS,NIFTY_MIDCAP_400
M&MFIN,NIFTY_MIDCAP_400
GRAPHITE,NIFTY_MIDCAP_400
JAMNAAUTO,NIFTY_MIDCAP_400
PAGEIND,NIFTY_MIDCAP_400
ORIENTELEC,NIFTY_MIDCAP_400
DEEPAKNTR,NIFTY_MIDCAP_400
CEATLTD,NIFTY_MIDCAP_400
HEMIPROP,NIFTY_MIDCAP_400
MMTC,NIFTY_MIDCAP_400
SUNTV,NIFTY_MIDCAP_400
UJJIVAN,NIFTY_MIDCAP_400
GREAVESCOT,NIFTY_MIDCAP_400
IOLCP,NIFTY_MIDCAP_400
MANAPPURAM,NIFTY_MIDCAP_400
ICIL,NIFTY_MIDCAP_400
IPCALAB,NIFTY_MIDCAP_400
TASTYBITE,NIFTY_MIDCAP_400
TCIEXP,NIFTY_MIDCAP_400
JBCHEPHARM,NIFTY_MIDCAP_400
GLAXO,NIFTY_MIDCAP_400
VIPIND,NIFTY_MIDCAP_400
RAMCOCEM,NIFTY_MIDCAP_400
KSB,NIFTY_MIDCAP_400
DCBBANK,NIFTY_MIDCAP_400
TCNSBRANDS,NIFTY_MIDCAP_400
EMAMILTD,NIFTY_MIDCAP_400
HAL,NIFTY_MIDCAP_400
GUJALKALI,NIFTY_MIDCAP_400
JKCEMENT,NIFTY_MIDCAP_400
NAVINFLUOR,NIFTY_MIDCAP_400
CERA,NIFTY_MIDCAP_400
GODREJAGRO,NIFTY_MIDCAP_400
SHARDACROP,NIFTY_MIDCAP_400
TRIDENT,NIFTY_MIDCAP_400
ADVENZYMES,NIFTY_MIDCAP_400
KANSAINER,NIFTY_MIDCAP_400
LAXMIMACH,NIFTY_MIDCAP_400
COFORGE,NIFTY_MIDCAP_400
MAHINDCIE,NIFTY_MIDCAP_400
GILLETTE,NIFTY_MIDCAP_400
SYNGENE,NIFTY_MIDCAP_400
METROPOLIS,NIFTY_MIDCAP_400
SCHAEFFLER,NIFTY_MIDCAP_400
CARBORUNIV,NIFTY_MIDCAP_400
FACT,NIFTY_MIDCAP_400
WOCKPHARMA,NIFTY_MIDCAP_400
RCF,NIFTY_MIDCAP_400
SUDARSCHEM,NIFTY_MIDCAP_400
NATCOPHARM,NIFTY_MIDCAP_400
HONAUT,NIFTY_MIDCAP_400
GALAXYSURF,NIFTY_MIDCAP_400
GNFC,NIFTY_MIDCAP_400
BHARATFORG,NIFTY_MIDCAP_400
JSL,NIFTY_MIDCAP_400
LXCHEM,NIFTY_MIDCAP_400
RVNL,NIFTY_MIDCAP_400
BIRLACORPN,NIFTY_MIDCAP_400
WESTLIFE,NIFTY_MIDCAP_400
SOLARINDS,NIFTY_MIDCAP_400
IRCON,NIFTY_MIDCAP_400
AMARAJABAT,NIFTY_MIDCAP_400
PRESTIGE,NIFTY_MIDCAP_400
SRF,NIFTY_MIDCAP_400
SRTRANSFIN,NIFTY_MIDCAP_400
LINDEINDIA,NIFTY_MIDCAP_400
MAXHEALTH,NIFTY_MIDCAP_400
TATAELXSI,NIFTY_MIDCAP_400
CAPLIPOINT,NIFTY_MIDCAP_400
BBTC,NIFTY_MIDCAP_400
SUMICHEM,NIFTY_MIDCAP_400
HIKAL,NIFTY_MIDCAP_400
VINATIORGA,NIFTY_MIDCAP_400
HUDCO,NIFTY_MIDCAP_400
CASTROLIND,NIFTY_MIDCAP_400
APLLTD,NIFTY_MIDCAP_400
JKTYRE,NIFTY_MIDCAP_400
KRBL,NIFTY_MIDCAP_400
BHEL,NIFTY_MIDCAP_400
NIACL,NIFTY_MIDCAP_400
TATACHEM,NIFTY_MIDCAP_400
ENGINERSIN,NIFTY_MIDCAP_400
CDSL,NIFTY_MIDCAP_400
SOBHA,NIFTY_MIDCAP_400
ZEEL,NIFTY_MIDCAP_400
TORNTPOWER,NIFTY_MIDCAP_400
GARFIBRES,NIFTY_MIDCAP_400
VENKEYS,NIFTY_MIDCAP_400
SFL,NIFTY_MIDCAP_400
GUJGASLTD,NIFTY_MIDCAP_400
WELSPUNIND,NIFTY_MIDCAP_400
SJVN,NIFTY_MIDCAP_400
JKLAKSHMI,NIFTY_MIDCAP_400
HAPPSTMNDS,NIFTY_MIDCAP_400
AVANTIFEED,NIFTY_MIDCAP_400
BALKRISIND,NIFTY_MIDCAP_400
PRINCEPIPE,NIFTY_MIDCAP_400
EQUITASBNK,NIFTY_MIDCAP_400
CHOLAHLDNG,NIFTY_MIDCAP_400
APOLLOTYRE,NIFTY_MIDCAP_400
RITES,NIFTY_MIDCAP_400
IFBIND,NIFTY_MIDCAP_400
BLUESTARCO,NIFTY_MIDCAP_400
ISEC,NIFTY_MIDCAP_400
TATASTLLP,NIFTY_MIDCAP_400
BAYERCROP,NIFTY_MIDCAP_400
ASHOKLEY,NIFTY_MIDCAP_400
MRPL,NIFTY_MIDCAP_400
PETRONET,NIFTY_MIDCAP_400
IRFC,NIFTY_MIDCAP_400
SIS,NIFTY_MIDCAP_400
CSBBANK,NIFTY_MIDCAP_400
EXIDEIND,NIFTY_MIDCAP_400
KSCL,NIFTY_MIDCAP_400
KALPATPOWR,NIFTY_MIDCAP_400
STLTECH,NIFTY_MIDCAP_400
JYOTHYLAB,NIFTY_MIDCAP_400
HOMEFIRST,NIFTY_MIDCAP_400
BDL,NIFTY_MIDCAP_400
UFLEX,NIFTY_MIDCAP_400
NH,NIFTY_MIDCAP_400
DHANUKA,NIFTY_MIDCAP_400
FINPIPE,NIFTY_MIDCAP_400
ANURAS,NIFTY_MIDCAP_400
NAZARA,NIFTY_MIDCAP_400
PERSISTENT,NIFTY_MIDCAP_400
ALKYLAMINE,NIFTY_MIDCAP_400
SCI,NIFTY_MIDCAP_400
PFIZER,NIFTY_MIDCAP_400
SOLARA,NIFTY_MIDCAP_400
MGL,NIFTY_MIDCAP_400
BRIGADE,NIFTY_MIDCAP_400
CHAMBLFERT,NIFTY_MIDCAP_400
SPICEJET,NIFTY_MIDCAP_400
ABFRL,NIFTY_MIDCAP_400
L&TFH,NIFTY_MIDCAP_400
UTIAMC,NIFTY_MIDCAP_400
TATAPOWER,NIFTY_MIDCAP_400
FDC,NIFTY_MIDCAP_400
REDINGTON,NIFTY_MIDCAP_400
SUPPETRO,NIFTY_MIDCAP_400
LICHSGFIN,NIFTY_MIDCAP_400
TRITURBINE,NIFTY_MIDCAP_400
VOLTAS,NIFTY_MIDCAP_400
CENTURYPLY,NIFTY_MIDCAP_400
EIDPARRY,NIFTY_MIDCAP_400
BALRAMCHIN,NIFTY_MIDCAP_400
KNRCON,NIFTY_MIDCAP_400
NLCINDIA,NIFTY_MIDCAP_400
GSFC,NIFTY_MIDCAP_400
INDIAMART,NIFTY_MIDCAP_400
3MINDIA,NIFTY_MIDCAP_400
INDHOTEL,NIFTY_MIDCAP_400
ERIS,NIFTY_MIDCAP_400
PRSMJOHNSN,NIFTY_MIDCAP_400
SANOFI,NIFTY_MIDCAP_400
INDIACEM,NIFTY_MIDCAP_400
TRENT,NIFTY_MIDCAP_400
MIDHANI,NIFTY_MIDCAP_400
RECLTD,NIFTY_MIDCAP_400
INDIGOPNTS,NIFTY_MIDCAP_400
IRCTC,NIFTY_MIDCAP_400
COCHINSHIP,NIFTY_MIDCAP_400
ROSSARI,NIFTY_MIDCAP_400
ELGIEQUIP,NIFTY_MIDCAP_400
ABCAPITAL,NIFTY_MIDCAP_400
MHRIL,NIFTY_MIDCAP_400
NOCIL,NIFTY_MIDCAP_400
MPHASIS,NIFTY_MIDCAP_400
VGUARD,NIFTY_MIDCAP_400
KPITTECH,NIFTY_MIDCAP_400
RBLBANK,NIFTY_MIDCAP_400
GODFRYPHLP,NIFTY_MIDCAP_400
RELAXO,NIFTY_MIDCAP_400
RAIN,NIFTY_MIDCAP_400
SONATSOFTW,NIFTY_MIDCAP_400
KARURVYSYA,NIFTY_MIDCAP_400
RHIM,NIFTY_MIDCAP_400
KAJARIACER,NIFTY_MIDCAP_400
ASHOKA,NIFTY_MIDCAP_400
MAHLOG,NIFTY_MIDCAP_400
ANGELONE,NIFTY_MIDCAP_400
QUESS,NIFTY_MIDCAP_400
CGCL,NIFTY_MIDCAP_400
MOIL,NIFTY_MIDCAP_400
JUBLINGREA,NIFTY_MIDCAP_400
GPPL,NIFTY_MIDCAP_400
BASF,NIFTY_MIDCAP_400
TVSMOTOR,NIFTY_MIDCAP_400
CROMPTON,NIFTY_MIDCAP_400
HINDZINC,NIFTY_MIDCAP_400
STARCEMENT,NIFTY_MIDCAP_400
HEIDELBERG,NIFTY_MIDCAP_400
GMMPFAUDLR,NIFTY_MIDCAP_400
IIFL,NIFTY_MIDCAP_400
LAOPALA,NIFTY_MIDCAP_400
POWERINDIA,NIFTY_MIDCAP_400
AARTIIND,NIFTY_MIDCAP_400
BALAMINES,NIFTY_MIDCAP_400
VBL,NIFTY_MIDCAP_400
MRF,NIFTY_MIDCAP_400
JSLHISAR,NIFTY_MIDCAP_400
LTTS,NIFTY_MIDCAP_400
PGHL,NIFTY_MIDCAP_400
IDEA,NIFTY_MIDCAP_400
SUVENPHAR,NIFTY_MIDCAP_400
VTL,NIFTY_MIDCAP_400
NAM-INDIA,NIFTY_MIDCAP_400
ESCORTS,NIFTY_MIDCAP_400
ENDURANCE,NIFTY_MIDCAP_400
PNBHOUSING,NIFTY_MIDCAP_400
GICRE,NIFTY_MIDCAP_400
MCX,NIFTY_MIDCAP_400
CESC,NIFTY_MIDCAP_400
DCMSHRIRAM,NIFTY_MIDCAP_400
FINEORG,NIFTY_MIDCAP_400
AUBANK,NIFTY_MIDCAP_400
NCC,NIFTY_MIDCAP_400
ABBOTINDIA,NIFTY_MIDCAP_400
JKPAPER,NIFTY_MIDCAP_400
JINDALSAW,NIFTY_MIDCAP_400
NESCO,NIFTY_MIDCAP_400
RAILTEL,NIFTY_MIDCAP_400
VMART,NIFTY_MIDCAP_400
SHRIRAMCIT,NIFTY_MIDCAP_400
KEC,NIFTY_MIDCAP_400
CAMS,NIFTY_MIDCAP_400
MASTEK,NIFTY_MIDCAP_400
COROMANDEL,NIFTY_MIDCAP_400
FINCABLES,NIFTY_MIDCAP_400
MINDTREE,NIFTY_MIDCAP_400
ALEMBICLTD,NIFTY_MIDCAP_400
PFC,NIFTY_MIDCAP_400
EDELWEISS,NIFTY_MIDCAP_400
POLYMED,NIFTY_MIDCAP_400
SKFINDIA,NIFTY_MIDCAP_400
CYIENT,NIFTY_MIDCAP_400
VALIANTORG,NIFTY_MIDCAP_400
TIINDIA,NIFTY_MIDCAP_400
AJANTPHARM,NIFTY_MIDCAP_400
JCHAC,NIFTY_MIDCAP_400
BEL,NIFTY_MIDCAP_400
RADICO,NIFTY_MIDCAP_400
CANFINHOME,NIFTY_MIDCAP_400
STAR,NIFTY_MIDCAP_400
MAZDOCK,NIFTY_MIDCAP_400
NATIONALUM,NIFTY_MIDCAP_400
DBL,NIFTY_MIDCAP_400
POONAWALLA,NIFTY_MIDCAP_400
JUSTDIAL,NIFTY_MIDCAP_400
WHIRLPOOL,NIFTY_MIDCAP_400
LALPATHLAB,NIFTY_MIDCAP_400
SUNTECK,NIFTY_MIDCAP_400
WABCOINDIA,NIFTY_MIDCAP_400
HATSUN,NIFTY_MIDCAP_400
SUNDARMFIN,NIFTY_MIDCAP_400
ALKEM,NIFTY_MIDCAP_400
BLUEDART,NIFTY_MIDCAP_400
CHALET,NIFTY_MIDCAP_400
AIAENG,NIFTY_MIDCAP_400
BSOFT,NIFTY_MIDCAP_400
EPL,NIFTY_MIDCAP_400
IIFLWAM,NIFTY_MIDCAP_400
INDOCO,NIFTY_MIDCAP_400
SCHNEIDER,NIFTY_MIDCAP_400
ZENSARTECH,NIFTY_MIDCAP_400
DHANI,NIFTY_MIDCAP_400
INGERRAND,NIFTY_MIDCAP_400
PVR,NIFTY_MIDCAP_400
ROUTE,NIFTY_MIDCAP_400
DALBHARAT,NIFTY_MIDCAP_400
ITI,NIFTY_MIDCAP_400
SWSOLAR,NIFTY_MIDCAP_400
BHARATRAS,NIFTY_MIDCAP_400
RAJESHEXPO,NIFTY_MIDCAP_400
FSL,NIFTY_MIDCAP_400
KPRMILL,NIFTY_MIDCAP_400
ECLERX,NIFTY_MIDCAP_400
LUXIND,NIFTY_MIDCAP_400
OIL,NIFTY_MIDCAP_400
ABB,NIFTY_MIDCAP_400
MOTILALOFS,NIFTY_MIDCAP_400
PNCINFRA,NIFTY_MIDCAP_400
NHPC,NIFTY_MIDCAP_400
ATUL,NIFTY_MIDCAP_400
KEI,NIFTY_MIDCAP_400
SUNDRMFAST,NIFTY_MIDCAP_400
BURGERKING,NIFTY_MIDCAP_400
LODHA,NIFTY_MIDCAP_400
INOXLEISUR,NIFTY_MIDCAP_400
HGS,NIFTY_MIDCAP_400
JMFINANCIL,NIFTY_MIDCAP_400
BEML,NIFTY_MIDCAP_400
TANLA,NIFTY_MIDCAP_400
HFCL,NIFTY_MIDCAP_400
IDFCFIRSTB,NIFTY_BANK
PNB,NIFTY_BANK
FEDERALBNK,NIFTY_BANK
SBIN,NIFTY_BANK
ICICIBANK,NIFTY_BANK
HDFCBANK,NIFTY_BANK
INDUSINDBK,NIFTY_BANK
RBLBANK,NIFTY_BANK
BANDHANBNK,NIFTY_BANK
AUBANK,NIFTY_BANK
AXISBANK,NIFTY_BANK
KOTAKBANK,NIFTY_BANK
NETWORK18,NIFTY_SMALLCAP_250
CREDITACC,NIFTY_SMALLCAP_250
IDBI,NIFTY_SMALLCAP_250
TV18BRDCST,NIFTY_SMALLCAP_250
IEX,NIFTY_SMALLCAP_250
AARTIDRUGS,NIFTY_SMALLCAP_250
BAJAJELEC,NIFTY_SMALLCAP_250
BAJAJCON,NIFTY_SMALLCAP_250
MINDACORP,NIFTY_SMALLCAP_250
IBREALEST,NIFTY_SMALLCAP_250
SEQUENT,NIFTY_SMALLCAP_250
IOB,NIFTY_SMALLCAP_250
CCL,NIFTY_SMALLCAP_250
TTML,NIFTY_SMALLCAP_250
CGPOWER,NIFTY_SMALLCAP_250
NBCC,NIFTY_SMALLCAP_250
PHILIPCARB,NIFTY_SMALLCAP_250
IBULHSGFIN,NIFTY_SMALLCAP_250
PRAJIND,NIFTY_SMALLCAP_250
SUZLON,NIFTY_SMALLCAP_250
SPARC,NIFTY_SMALLCAP_250
MAHABANK,NIFTY_SMALLCAP_250
INFIBEAM,NIFTY_SMALLCAP_250
CENTRALBK,NIFTY_SMALLCAP_250
AEGISCHEM,NIFTY_SMALLCAP_250
DELTACORP,NIFTY_SMALLCAP_250
ALOKINDS,NIFTY_SMALLCAP_250
FRETAIL,NIFTY_SMALLCAP_250
IDFC,NIFTY_SMALLCAP_250
WELCORP,NIFTY_SMALLCAP_250
GRANULES,NIFTY_SMALLCAP_250
HATHWAY,NIFTY_SMALLCAP_250
LEMONTREE,NIFTY_SMALLCAP_250
GRINDWELL,NIFTY_SMALLCAP_250
POLYPLEX,NIFTY_SMALLCAP_250
ASAHIINDIA,NIFTY_SMALLCAP_250
NILKAMAL,NIFTY_SMALLCAP_250
TIMKEN,NIFTY_SMALLCAP_250
UCOBANK,NIFTY_SMALLCAP_250
EIHOTEL,NIFTY_SMALLCAP_250
INTELLECT,NIFTY_SMALLCAP_250
JUBLPHARMA,NIFTY_SMALLCAP_250
HEG,NIFTY_SMALLCAP_250
BSE,NIFTY_SMALLCAP_250
SPANDANA,NIFTY_SMALLCAP_250
RATNAMANI,NIFTY_SMALLCAP_250
RALLIS,NIFTY_SMALLCAP_250
CENTURYTEX,NIFTY_SMALLCAP_250
TEAMLEASE,NIFTY_SMALLCAP_250
VAKRANGEE,NIFTY_SMALLCAP_250
VARROC,NIFTY_SMALLCAP_250
GAEL,NIFTY_SMALLCAP_250
UJJIVANSFB,NIFTY_SMALLCAP_250
KALYANKJIL,NIFTY_SMALLCAP_250
GESHIP,NIFTY_SMALLCAP_250
SHILPAMED,NIFTY_SMALLCAP_250
THYROCARE,NIFTY_SMALLCAP_250
EQUITAS,NIFTY_SMALLCAP_250
ASTRAZEN,NIFTY_SMALLCAP_250
IRB,NIFTY_SMALLCAP_250
ASTERDM,NIFTY_SMALLCAP_250
SUPRAJIT,NIFTY_SMALLCAP_250
FLUOROCHEM,NIFTY_SMALLCAP_250
NFL,NIFTY_SMALLCAP_250
SYMPHONY,NIFTY_SMALLCAP_250
AMBER,NIFTY_SMALLCAP_250
TATACOFFEE,NIFTY_SMALLCAP_250
GRAPHITE,NIFTY_SMALLCAP_250
JAMNAAUTO,NIFTY_SMALLCAP_250
ORIENTELEC,NIFTY_SMALLCAP_250
CEATLTD,NIFTY_SMALLCAP_250
HEMIPROP,NIFTY_SMALLCAP_250
MMTC,NIFTY_SMALLCAP_250
UJJIVAN,NIFTY_SMALLCAP_250
GREAVESCOT,NIFTY_SMALLCAP_250
IOLCP,NIFTY_SMALLCAP_250
ICIL,NIFTY_SMALLCAP_250
TASTYBITE,NIFTY_SMALLCAP_250
TCIEXP,NIFTY_SMALLCAP_250
VIPIND,NIFTY_SMALLCAP_250
JBCHEPHARM,NIFTY_SMALLCAP_250
KSB,NIFTY_SMALLCAP_250
DCBBANK,NIFTY_SMALLCAP_250
TCNSBRANDS,NIFTY_SMALLCAP_250
GUJALKALI,NIFTY_SMALLCAP_250
CERA,NIFTY_SMALLCAP_250
GODREJAGRO,NIFTY_SMALLCAP_250
SHARDACROP,NIFTY_SMALLCAP_250
TRIDENT,NIFTY_SMALLCAP_250
ADVENZYMES,NIFTY_SMALLCAP_250
LAXMIMACH,NIFTY_SMALLCAP_250
MAHINDCIE,NIFTY_SMALLCAP_250
CARBORUNIV,NIFTY_SMALLCAP_250
FACT,NIFTY_SMALLCAP_250
RCF,NIFTY_SMALLCAP_250
WOCKPHARMA,NIFTY_SMALLCAP_250
SUDARSCHEM,NIFTY_SMALLCAP_250
GALAXYSURF,NIFTY_SMALLCAP_250
GNFC,NIFTY_SMALLCAP_250
JSL,NIFTY_SMALLCAP_250
LXCHEM,NIFTY_SMALLCAP_250
RVNL,NIFTY_SMALLCAP_250
BIRLACORPN,NIFTY_SMALLCAP_250
WESTLIFE,NIFTY_SMALLCAP_250
IRCON,NIFTY_SMALLCAP_250
CAPLIPOINT,NIFTY_SMALLCAP_250
BBTC,NIFTY_SMALLCAP_250
HIKAL,NIFTY_SMALLCAP_250
HUDCO,NIFTY_SMALLCAP_250
KRBL,NIFTY_SMALLCAP_250
JKTYRE,NIFTY_SMALLCAP_250
ENGINERSIN,NIFTY_SMALLCAP_250
CDSL,NIFTY_SMALLCAP_250
SOBHA,NIFTY_SMALLCAP_250
GARFIBRES,NIFTY_SMALLCAP_250
VENKEYS,NIFTY_SMALLCAP_250
SFL,NIFTY_SMALLCAP_250
WELSPUNIND,NIFTY_SMALLCAP_250
SJVN,NIFTY_SMALLCAP_250
JKLAKSHMI,NIFTY_SMALLCAP_250
AVANTIFEED,NIFTY_SMALLCAP_250
HAPPSTMNDS,NIFTY_SMALLCAP_250
PRINCEPIPE,NIFTY_SMALLCAP_250
EQUITASBNK,NIFTY_SMALLCAP_250
RITES,NIFTY_SMALLCAP_250
IFBIND,NIFTY_SMALLCAP_250
TATASTLLP,NIFTY_SMALLCAP_250
BLUESTARCO,NIFTY_SMALLCAP_250
MRPL,NIFTY_SMALLCAP_250
SIS,NIFTY_SMALLCAP_250
CSBBANK,NIFTY_SMALLCAP_250
KSCL,NIFTY_SMALLCAP_250
KALPATPOWR,NIFTY_SMALLCAP_250
STLTECH,NIFTY_SMALLCAP_250
JYOTHYLAB,NIFTY_SMALLCAP_250
HOMEFIRST,NIFTY_SMALLCAP_250
BDL,NIFTY_SMALLCAP_250
NH,NIFTY_SMALLCAP_250
UFLEX,NIFTY_SMALLCAP_250
DHANUKA,NIFTY_SMALLCAP_250
FINPIPE,NIFTY_SMALLCAP_250
ANURAS,NIFTY_SMALLCAP_250
NAZARA,NIFTY_SMALLCAP_250
SCI,NIFTY_SMALLCAP_250
SOLARA,NIFTY_SMALLCAP_250
BRIGADE,NIFTY_SMALLCAP_250
SPICEJET,NIFTY_SMALLCAP_250
CHAMBLFERT,NIFTY_SMALLCAP_250
FDC,NIFTY_SMALLCAP_250
UTIAMC,NIFTY_SMALLCAP_250
REDINGTON,NIFTY_SMALLCAP_250
SUPPETRO,NIFTY_SMALLCAP_250
TRITURBINE,NIFTY_SMALLCAP_250
CENTURYPLY,NIFTY_SMALLCAP_250
EIDPARRY,NIFTY_SMALLCAP_250
KNRCON,NIFTY_SMALLCAP_250
BALRAMCHIN,NIFTY_SMALLCAP_250
GSFC,NIFTY_SMALLCAP_250
NLCINDIA,NIFTY_SMALLCAP_250
ERIS,NIFTY_SMALLCAP_250
PRSMJOHNSN,NIFTY_SMALLCAP_250
INDIACEM,NIFTY_SMALLCAP_250
MIDHANI,NIFTY_SMALLCAP_250
INDIGOPNTS,NIFTY_SMALLCAP_250
COCHINSHIP,NIFTY_SMALLCAP_250
ELGIEQUIP,NIFTY_SMALLCAP_250
ROSSARI,NIFTY_SMALLCAP_250
MHRIL,NIFTY_SMALLCAP_250
NOCIL,NIFTY_SMALLCAP_250
VGUARD,NIFTY_SMALLCAP_250
KPITTECH,NIFTY_SMALLCAP_250
GODFRYPHLP,NIFTY_SMALLCAP_250
SONATSOFTW,NIFTY_SMALLCAP_250
RAIN,NIFTY_SMALLCAP_250
KARURVYSYA,NIFTY_SMALLCAP_250
ASHOKA,NIFTY_SMALLCAP_250
RHIM,NIFTY_SMALLCAP_250
MAHLOG,NIFTY_SMALLCAP_250
CGCL,NIFTY_SMALLCAP_250
QUESS,NIFTY_SMALLCAP_250
ANGELONE,NIFTY_SMALLCAP_250
MOIL,NIFTY_SMALLCAP_250
JUBLINGREA,NIFTY_SMALLCAP_250
BASF,NIFTY_SMALLCAP_250
GPPL,NIFTY_SMALLCAP_250
STARCEMENT,NIFTY_SMALLCAP_250
HEIDELBERG,NIFTY_SMALLCAP_250
GMMPFAUDLR,NIFTY_SMALLCAP_250
IIFL,NIFTY_SMALLCAP_250
LAOPALA,NIFTY_SMALLCAP_250
POWERINDIA,NIFTY_SMALLCAP_250
BALAMINES,NIFTY_SMALLCAP_250
JSLHISAR,NIFTY_SMALLCAP_250
PGHL,NIFTY_SMALLCAP_250
VTL,NIFTY_SMALLCAP_250
PNBHOUSING,NIFTY_SMALLCAP_250
MCX,NIFTY_SMALLCAP_250
CESC,NIFTY_SMALLCAP_250
DCMSHRIRAM,NIFTY_SMALLCAP_250
FINEORG,NIFTY_SMALLCAP_250
NCC,NIFTY_SMALLCAP_250
JKPAPER,NIFTY_SMALLCAP_250
NESCO,NIFTY_SMALLCAP_250
JINDALSAW,NIFTY_SMALLCAP_250
VMART,NIFTY_SMALLCAP_250
RAILTEL,NIFTY_SMALLCAP_250
SHRIRAMCIT,NIFTY_SMALLCAP_250
KEC,NIFTY_SMALLCAP_250
CAMS,NIFTY_SMALLCAP_250
MASTEK,NIFTY_SMALLCAP_250
ALEMBICLTD,NIFTY_SMALLCAP_250
FINCABLES,NIFTY_SMALLCAP_250
EDELWEISS,NIFTY_SMALLCAP_250
POLYMED,NIFTY_SMALLCAP_250
CYIENT,NIFTY_SMALLCAP_250
VALIANTORG,NIFTY_SMALLCAP_250
JCHAC,NIFTY_SMALLCAP_250
RADICO,NIFTY_SMALLCAP_250
CANFINHOME,NIFTY_SMALLCAP_250
STAR,NIFTY_SMALLCAP_250
MAZDOCK,NIFTY_SMALLCAP_250
DBL,NIFTY_SMALLCAP_250
POONAWALLA,NIFTY_SMALLCAP_250
JUSTDIAL,NIFTY_SMALLCAP_250
SUNTECK,NIFTY_SMALLCAP_250
CHALET,NIFTY_SMALLCAP_250
BSOFT,NIFTY_SMALLCAP_250
EPL,NIFTY_SMALLCAP_250
IIFLWAM,NIFTY_SMALLCAP_250
INDOCO,NIFTY_SMALLCAP_250
SCHNEIDER,NIFTY_SMALLCAP_250
ZENSARTECH,NIFTY_SMALLCAP_250
INGERRAND,NIFTY_SMALLCAP_250
PVR,NIFTY_SMALLCAP_250
ROUTE,NIFTY_SMALLCAP_250
SWSOLAR,NIFTY_SMALLCAP_250
BHARATRAS,NIFTY_SMALLCAP_250
FSL,NIFTY_SMALLCAP_250
KPRMILL,NIFTY_SMALLCAP_250
ECLERX,NIFTY_SMALLCAP_250
LUXIND,NIFTY_SMALLCAP_250
PNCINFRA,NIFTY_SMALLCAP_250
KEI,NIFTY_SMALLCAP_250
BURGERKING,NIFTY_SMALLCAP_250
INOXLEISUR,NIFTY_SMALLCAP_250
HGS,NIFTY_SMALLCAP_250
JMFINANCIL,NIFTY_SMALLCAP_250
BEML,NIFTY_SMALLCAP_250
TANLA,NIFTY_SMALLCAP_250
HFCL,NIFTY_SMALLCAP_250
IBREALEST,NIFTY_REALTY
DLF,NIFTY_REALTY
OBEROIRLTY,NIFTY_REALTY
GODREJPROP,NIFTY_REALTY
PHOENIXLTD,NIFTY_REALTY
PRESTIGE,NIFTY_REALTY
SOBHA,NIFTY_REALTY
BRIGADE,NIFTY_REALTY
SUNTECK,NIFTY_REALTY
LODHA,NIFTY_REALTY
